id;first_name;last_name;email;phone_number
1;Bell;Hilll;Talia54@yahoo.com;optical calculating
2;Davonte;Williamson;Javonte_Schinner@hotmail.com;benchmark back-end
3;Torrance;Considine;Dariana.Halvorson13@hotmail.com;Technician extend
4;Carey;Braun;Diamond_Ortiz@hotmail.com;Configuration
5;Catharine;Osinski;Eleonore.Pouros48@yahoo.com;synthesizing Kids
6;Ivah;Reynolds;Dawson_Dickinson46@gmail.com;integrate
7;Ezekiel;Kshlerin;Nathan.Howe42@hotmail.com;repurpose Turkmenistan
8;Elisha;Heidenreich;Ova4@gmail.com;Reverse-engineered cross-platform digital
9;Stefan;Halvorson;Lemuel28@hotmail.com;Fort
10;Mabelle;Herzog;Darrin.Zulauf79@yahoo.com;ROI collaborative
